scope,Millions$
agrotechnical industry,621.3530150939652
medicine,457.3113211855897
robotics,829.1712691343395
green energy,550.0082988268575
logistics,468.67902104348667
