scope,total,top_1,top_2,top_3,rest
agrotechnical industry,621.3530150939652,197.91279634811139,141.73718849105128,9.662287067292777,272.04074318750975
medicine,457.3113211855897,197.2648977761858,49.139096771502835,46.5112113258684,164.3961153120326
robotics,829.1712691343395,264.1858440851669,102.16060149794983,1.1370065115415817,461.68781703968114
green energy,550.0082988268575,222.8759088037161,140.78109955526517,75.94187038371203,110.40942008416424
logistics,468.67902104348667,203.49250675815222,180.5285596427441,76.75047247150854,7.907482171081735
